<!--
    Input:
        system/libhidl/vintfdata/manifest.xml
        device/qcom/qssi/framework_manifest.xml
        vendor/samsung/frameworks/interfaces/security/ucm/crypto/1.0/manifest.xml
-->
<manifest version="7.0" type="framework">
    <hal format="hidl" max-level="6">
        <name>android.frameworks.displayservice</name>
        <transport>hwbinder</transport>
        <fqname>@1.0::IDisplayService/default</fqname>
    </hal>
    <hal format="hidl" max-level="5">
        <name>android.frameworks.schedulerservice</name>
        <transport>hwbinder</transport>
        <fqname>@1.0::ISchedulingPolicyService/default</fqname>
    </hal>
    <hal format="aidl">
        <name>android.frameworks.sensorservice</name>
        <fqname>ISensorManager/default</fqname>
    </hal>
    <hal format="hidl">
        <name>android.frameworks.sensorservice</name>
        <transport>hwbinder</transport>
        <fqname>@1.0::ISensorManager/default</fqname>
    </hal>
    <hal format="hidl">
        <name>android.hidl.memory</name>
        <transport arch="32+64">passthrough</transport>
        <fqname>@1.0::IMapper/ashmem</fqname>
    </hal>
    <hal format="hidl" max-level="7">
        <name>android.system.net.netd</name>
        <transport>hwbinder</transport>
        <fqname>@1.1::INetd/default</fqname>
    </hal>
    <hal format="hidl" max-level="7">
        <name>android.system.wifi.keystore</name>
        <transport>hwbinder</transport>
        <fqname>@1.0::IKeystore/default</fqname>
    </hal>
    <hal format="native">
        <name>netutils-wrapper</name>
        <version>1.0</version>
    </hal>
    <hal format="hidl">
        <name>vendor.qti.hardware.radio.atcmdfwd</name>
        <transport>hwbinder</transport>
        <fqname>@1.0::IAtCmdFwd/AtCmdFwdService</fqname>
    </hal>
    <hal format="hidl">
        <name>vendor.qti.hardware.systemhelper</name>
        <transport>hwbinder</transport>
        <fqname>@1.0::ISystemEvent/default</fqname>
        <fqname>@1.0::ISystemResource/default</fqname>
    </hal>
    <hal format="hidl">
        <name>vendor.samsung.frameworks.security.ucm.crypto</name>
        <transport>hwbinder</transport>
        <fqname>@1.0::ISehUcmKeystore/default</fqname>
    </hal>
    <system-sdk>
        <version>29</version>
        <version>30</version>
        <version>31</version>
        <version>32</version>
        <version>33</version>
        <version>34</version>
    </system-sdk>
</manifest>
